ID,NAME
48,Customer 48
194,Customer 194
196,Customer 196
52,Customer 52
128,Customer 128
183,Customer 183
4,Customer 4
14,Customer 14
112,Customer 112
22,Customer 22
164,Customer 164
113,Customer 113
141,Customer 141
53,Customer 53
61,Customer 61
7,Customer 7
97,Customer 97
93,Customer 93
16,Customer 16
174,Customer 174
139,Customer 139
160,Customer 160
130,Customer 130
99,Customer 99
142,Customer 142
197,Customer 197
171,Customer 171
39,Customer 39
176,Customer 176
106,Customer 106
125,Customer 125
168,Customer 168
68,Customer 68
195,Customer 195
166,Customer 166
56,Customer 56
90,Customer 90
25,Customer 25
159,Customer 159
36,Customer 36
117,Customer 117
62,Customer 62
157,Customer 157
57,Customer 57
5,Customer 5
122,Customer 122
46,Customer 46
148,Customer 148
33,Customer 33
167,Customer 167
92,Customer 92
145,Customer 145
12,Customer 12
94,Customer 94
78,Customer 78
96,Customer 96
29,Customer 29
60,Customer 60
26,Customer 26
24,Customer 24
181,Customer 181
0,Customer 0
65,Customer 65
110,Customer 110
2,Customer 2
146,Customer 146
133,Customer 133
75,Customer 75
136,Customer 136
91,Customer 91
120,Customer 120
192,Customer 192
124,Customer 124
85,Customer 85
41,Customer 41
77,Customer 77
116,Customer 116
105,Customer 105
172,Customer 172
45,Customer 45
6,Customer 6
119,Customer 119
54,Customer 54
177,Customer 177
158,Customer 158
173,Customer 173
20,Customer 20
74,Customer 74
15,Customer 15
1,Customer 1
30,Customer 30
89,Customer 89
152,Customer 152
189,Customer 189
140,Customer 140
40,Customer 40
143,Customer 143
182,Customer 182
186,Customer 186
11,Customer 11
147,Customer 147
50,Customer 50
34,Customer 34
88,Customer 88
17,Customer 17
64,Customer 64
84,Customer 84
8,Customer 8
55,Customer 55
28,Customer 28
59,Customer 59
178,Customer 178
103,Customer 103
79,Customer 79
107,Customer 107
51,Customer 51
98,Customer 98
123,Customer 123
18,Customer 18
149,Customer 149
118,Customer 118
71,Customer 71
155,Customer 155
31,Customer 31
76,Customer 76
198,Customer 198
73,Customer 73
154,Customer 154
35,Customer 35
187,Customer 187
137,Customer 137
138,Customer 138
67,Customer 67
188,Customer 188
69,Customer 69
179,Customer 179
131,Customer 131
115,Customer 115
49,Customer 49
100,Customer 100
102,Customer 102
121,Customer 121
80,Customer 80
162,Customer 162
184,Customer 184
63,Customer 63
156,Customer 156
134,Customer 134
151,Customer 151
111,Customer 111
161,Customer 161
170,Customer 170
108,Customer 108
23,Customer 23
32,Customer 32
114,Customer 114
58,Customer 58
135,Customer 135
3,Customer 3
109,Customer 109
150,Customer 150
199,Customer 199
132,Customer 132
66,Customer 66
153,Customer 153
38,Customer 38
127,Customer 127
9,Customer 9
95,Customer 95
42,Customer 42
72,Customer 72
13,Customer 13
126,Customer 126
163,Customer 163
70,Customer 70
83,Customer 83
27,Customer 27
44,Customer 44
185,Customer 185
104,Customer 104
129,Customer 129
19,Customer 19
175,Customer 175
37,Customer 37
193,Customer 193
43,Customer 43
165,Customer 165
87,Customer 87
169,Customer 169
10,Customer 10
101,Customer 101
82,Customer 82
191,Customer 191
86,Customer 86
180,Customer 180
81,Customer 81
47,Customer 47
144,Customer 144
21,Customer 21
190,Customer 190
